search_term,result_count_raw,result_count,result_datasets
crime,"
      2 Results
      filtered by  ",2,"SFPD Incidents - from 1 January 2003, Police Calls for Service"
business,"
      18 Results
      filtered by  ",18,"Registered Business Locations - San Francisco, Form 700 Schedule D, Airport (SFO) Contract Opportunities, Form 700 Schedule A1, Form 700 Schedule A2, Off-Street parking lots and parking garages, Form 700 Schedule C, Expenditure Lobbyists Registration and Monthly Disclosure Reports, Campaign Finance - SFEC 1.126 Notification of Contract Approval Filings, Parking Spaces at Off-street Parking Facilities"
parking,"
      32 Results
      filtered by  ",32,"Parking meters, Off-Street parking lots and parking garages, Blue Zone (Accessible) Parking, Recreation & Park Department Park Info Dataset, Unmetered Motorcycle Parking, SFMTA-Enforced Temporary Tow Zones, Metered motorcycle spaces, Meter Operating Schedules, Meter Rate Schedules, San Francisco Development Pipeline 2015 Quarter 2"
streets,"
      66 Results
      filtered by  ",66,"Street Names, Miles Of Streets, Street Acceptance Data, Streets Data - Pavement Condition Index (PCI) Scores, Street Tree List, Street-Use Permits, List of Streets and Intersections, Streets Data -Historical Pavement Condition Index (PCI) Scores, Utility Excavation Moratorium Streets, Market Street Hub"
311,"
      9 Results
      filtered by  ",9,"311 Information Requests by Month, 311 Call Metrics, Case Data from San Francisco 311 (SF311), 311 Cases by Channel, HSA 90 day emergency shelter waitlist, Graffiti - 30 Days, Current San Francisco Advisories, Market Street Hub, Fire Safety Complaints"
parcel,"
      18 Results
      filtered by  ",18,"Boiler Permits, Historic Secured Property Tax Rolls, Plumbing Permits, Electrical Permits, 2011 Housing Inventory, Building Permits, Envista Projects for Utility Excavation and Paving, 2012 Housing Inventory, Building Complaints, Addresses with Units - Enterprise Addressing System (EAS)"
shapefile,"
      3 Results
      filtered by  ",3,"Metered motorcycle spaces, Off-Street parking lots and parking garages, Parking meters"
street,"
      66 Results
      filtered by  ",66,"Street Names, List of Streets and Intersections, Street Tree List, Street-Use Permits, Utility Excavation Moratorium Streets, FY07-11 Street Evaluation Results, Miles Of Streets, Street Segment and Intersection (CNN) Change Log, Market Street Hub, Street Acceptance Data"
restaurants,"
      1 Result
      filtered by  ",1,Food Inspections - LIVES Standard
population,"
      1 Result
      filtered by  ",1,San Francisco City Survey Data 1996-2015
water,"
      2 Results
      filtered by  ",2,"Late Night Preferential Runway Use, Petitions to the Rent Board"
traffic,"
      9 Results
      filtered by  ",9,"Air Traffic Passenger Statistics, Air Traffic Landings Statistics, Muni Driver Reported Transit Only Lane Violations, Traffic Signals, Air Traffic Cargo Statistics, Traffic Circles, Late Night Preferential Runway Use, San Francisco Development Pipeline 2012 Quarter 2, Air Carrier Runway Use"
parks,"
      32 Results
      filtered by  ",32,"Recreation & Park Department Park Info Dataset, Parking meters, Off-Street parking lots and parking garages, Park Evaluation Scores starting Fiscal Year 2015, Park Scores 2005-2014, Bicycle Parking (Public), Blue Zone (Accessible) Parking, Parking Spaces at Off-street Parking Facilities, Aircraft Parking Activity Records at SFO, Assets Maintained by the Recreation and Parks Department"
census,"
      9 Results
      filtered by  ",9,"census_tracts_odata2, San Francisco Flood Health Vulnerability, Requests for Information Regarding Protected Status Related to Owner Move-In Evictions, Parking Spaces at Off-street Parking Facilities, Buyout agreements, Appeals to the Rent Board, Eviction Notices, Historic Secured Property Tax Rolls, Petitions to the Rent Board"
income,"
      3 Results
      filtered by  ",3,"Form 700 Schedule C, Form 700 Schedule B, Form 700 Schedule A2"
bike,"
      5 Results
      filtered by  ",5,"Bike Counters, Bike Volume Manual Counts, Bike Share Stations, Bicycle Parking (Public), Right of Way Exception Data"
neighborhood,"
      44 Results
      filtered by  ",44,"Case Data from San Francisco 311 (SF311), Eviction Notices, Mayor’s Office of Housing and Community Development Affordable Rental Portfolio, San Francisco Development Pipeline 2016 Quarter 1, San Francisco Development Pipeline 2014 Quarter 4, Community Resiliency Indicator System, San Francisco Development Pipeline 2015 Quarter 3, San Francisco Development Pipeline 2015 Quarter 2, San Francisco Development Pipeline 2015 Quarter 4, Requests for Information Regarding Protected Status Related to Owner Move-In Evictions"
restaurant,"
      1 Result
      filtered by  ",1,Food Inspections - LIVES Standard
land%20use,"
      2 Results
      filtered by  ",2,"Air Carrier Runway Use, Historic Secured Property Tax Rolls"
neighborhoods,"
      44 Results
      filtered by  ",44,"Case Data from San Francisco 311 (SF311), Historic Secured Property Tax Rolls, San Francisco Development Pipeline 2016 Quarter 1, San Francisco Development Pipeline 2015 Quarter 3, San Francisco Development Pipeline 2015 Quarter 4, Community Resiliency Indicator System, Requests for Information Regarding Protected Status Related to Owner Move-In Evictions, Residential Projects With Inclusionary Requirements, Carshare Onstreet, Registered Business Locations - San Francisco"
homeless,"
      3 Results
      filtered by  ",3,"San Francisco Flood Health Vulnerability, HSA 90 day emergency shelter waitlist, Affordable Housing Pipeline"
zoning,"
      25 Results
      filtered by  ",25,"SFMTA-Enforced Temporary Tow Zones, San Francisco Development Pipeline 2012 Quarter 1, San Francisco Development Pipeline 2016 Quarter 1, Blue Zone (Accessible) Parking, 2013 Housing Inventory, San Francisco Development Pipeline 2013 Quarter 1, San Francisco Development Pipeline 2014 Quarter 3, San Francisco Development Pipeline 2012 Quarter 2, San Francisco Development Pipeline 2013 Quarter 4, San Francisco Development Pipeline 2014 Quarter 2"
muni,"
      1 Result
      filtered by  ",1,Muni Driver Reported Transit Only Lane Violations
meter,"
      5 Results
      filtered by  ",5,"Parking meters, Meter Rate Schedules, Metered motorcycle spaces, Meter Operating Schedules, Blue Zone (Accessible) Parking"
pipeline,"
      20 Results
      filtered by  ",20,"Affordable Housing Pipeline, San Francisco Development Pipeline 2014 Quarter 4, San Francisco Development Pipeline 2013 Quarter 1, San Francisco Development Pipeline 2014 Quarter 3, San Francisco Development Pipeline 2013 Quarter 4, San Francisco Development Pipeline 2012 Quarter 2, San Francisco Development Pipeline 2014 Quarter 2, San Francisco Development Pipeline 2013 Quarter 3, San Francisco Development Pipeline 2013 Quarter 2, San Francisco Development Pipeline 2014 Quarter 1"
elevation,"
      1 Result
      filtered by  ",1,San Francisco Flood Health Vulnerability
bicycle,"
      5 Results
      filtered by  ",5,"Bicycle Parking (Public), Street-Use Permits, Bicycle Green Wave Signal Timing, Bike Volume Manual Counts, Bike Counters"
building,"
      54 Results
      filtered by  ",54,"Existing Commercial Buildings Energy Performance Ordinance Report, Building Permits, San Francisco Development Pipeline 2015 Quarter 1, San Francisco Development Pipeline 2013 Quarter 3, Building Complaints, Energy Benchmarking, San Francisco Municipal Buildings, Updated Treasure Island Addresses and Building Numbers, Notices of Violation issued by the Department of Building Inspection, Residential Projects With Inclusionary Requirements, Boiler Permits"
housing,"
      52 Results
      filtered by  ",52,"2013 Housing Inventory, Housing Balance March 2016, 2012 Housing Inventory, 2011 Housing Inventory, Mayor’s Office of Housing and Community Development Grants and Loans, Affordable Housing Pipeline, San Francisco Development Pipeline 2016 Quarter 1, San Francisco Development Pipeline 2015 Quarter 2, San Francisco Development Pipeline 2015 Quarter 3, San Francisco Development Pipeline 2015 Quarter 4"
parcels,"
      18 Results
      filtered by  ",18,"Boiler Permits, Historic Secured Property Tax Rolls, Plumbing Permits, Electrical Permits, 2011 Housing Inventory, Building Permits, Envista Projects for Utility Excavation and Paving, 2012 Housing Inventory, Building Complaints, Addresses with Units - Enterprise Addressing System (EAS)"
rent,"
      6 Results
      filtered by  ",6,"Petitions to the Rent Board, Appeals to the Rent Board, Annual Allowable Rent Increase for Units Under Rent Control, Buyout agreements, Eviction Notices, Requests for Information Regarding Protected Status Related to Owner Move-In Evictions"
fire,"
      14 Results
      filtered by  ",14,"Fire Department Calls for Service, Fire Incidents, Fire Violations, Fire Inspections, Fire Permits, Fire Safety Complaints, Spending And Revenue, Vendor Payments (Purchase Order Summary), Budget, Budget - FTE"
school,"
      4 Results
      filtered by  ",4,"Schools, Street Intersections Served by the SFMTA School Crossing Guard Program, List of Historical Ballot Measures, Requests for Information Regarding Protected Status Related to Owner Move-In Evictions"
trees,"
      4 Results
      filtered by  ",4,"Street Tree List, List of Blocks Where DPW Has a Tree Maintenance Agreement, DPW Street & Sidewalk Evaluation Results, 7-1-2013 to Present, FY07-11 Street Evaluation Results"
food,"
      4 Results
      filtered by  ",4,"Mobile Food Facility Permit, Mobile Food Schedule, Food Inspections - LIVES Standard, Street-Use Permits"
open%20business,"
      2 Results
      filtered by  ",2,"Parking Spaces at Off-street Parking Facilities, Call Center Metrics for the Health Service System"
park,"
      32 Results
      filtered by  ",32,"Park Scores 2005-2014, Parking meters, Park Evaluation Scores starting Fiscal Year 2015, Off-Street parking lots and parking garages, Recreation & Park Department Park Info Dataset, Bicycle Parking (Public), Blue Zone (Accessible) Parking, Parking Spaces at Off-street Parking Facilities, Aircraft Parking Activity Records at SFO, Assets Maintained by the Recreation and Parks Department"
schools,"
      4 Results
      filtered by  ",4,"Schools, Street Intersections Served by the SFMTA School Crossing Guard Program, List of Historical Ballot Measures, Requests for Information Regarding Protected Status Related to Owner Move-In Evictions"
police,"
      11 Results
      filtered by  ",11,"Police Calls for Service, Police Stations (2011), SFPD Incidents - from 1 January 2003, Spending And Revenue, Vendor Payments (Purchase Order Summary), Budget, Budget - FTE, Spending - FTE, Employee Compensation, Vendor Payments (Vouchers)"
parking%20meters,"
      5 Results
      filtered by  ",5,"Parking meters, Metered motorcycle spaces, Meter Rate Schedules, Meter Operating Schedules, Blue Zone (Accessible) Parking"
building%20footprints,"
      1 Result
      filtered by  ",1,Schools
transit,"
      2 Results
      filtered by  ",2,"Muni Driver Reported Transit Only Lane Violations, Schools"
roads,"
      0 Results
      filtered by  ",0,
tree,"
      4 Results
      filtered by  ",4,"Street Tree List, List of Blocks Where DPW Has a Tree Maintenance Agreement, DPW Street & Sidewalk Evaluation Results, 7-1-2013 to Present, FY07-11 Street Evaluation Results"
taxi,"
      0 Results
      filtered by  ",0,
street%20cleaning,"
      2 Results
      filtered by  ",2,"FY07-11 Street Evaluation Results, DPW Street & Sidewalk Evaluation Results, 7-1-2013 to Present"
budget,"
      5 Results
      filtered by  ",5,"Budget, Budget - FTE, Scorecard Measures, Citywide Performance Measurement Annual Report FY14 Dataset, Citywide Performance Measurement Annual Report FY13 Dataset"
weather,"
      2 Results
      filtered by  ",2,"Existing Commercial Buildings Energy Performance Ordinance Report, Late Night Preferential Runway Use"
buildings,"
      54 Results
      filtered by  ",54,"Existing Commercial Buildings Energy Performance Ordinance Report, Building Permits, Street Space Permits aka: DPT Tow Verification List, Building Complaints, Energy Benchmarking, San Francisco Municipal Buildings, Updated Treasure Island Addresses and Building Numbers, Notices of Violation issued by the Department of Building Inspection, Residential Projects With Inclusionary Requirements, Boiler Permits, San Francisco Development Pipeline 2016 Quarter 1"
Crime,"
      2 Results
      filtered by  ",2,"Police Calls for Service, SFPD Incidents - from 1 January 2003"
shapefiles,"
      3 Results
      filtered by  ",3,"Metered motorcycle spaces, Off-Street parking lots and parking garages, Parking meters"
bus,"
      1 Result
      filtered by  ",1,Parking meters
energy,"
      4 Results
      filtered by  ",4,"Existing Commercial Buildings Energy Performance Ordinance Report, Energy Benchmarking, San Francisco Municipal Buildings, San Francisco Municipal Greenhouse Gas Inventory, San Francisco Communitywide Greenhouse Gas Inventory"
bart,"
      0 Results
      filtered by  ",0,
education,"
      21 Results
      filtered by  ",21,"SF Civic Art Collection, Scorecard Measures, List of Historical Ballot Measures, San Francisco Department of Public Health Flu Shot Locations 2013, San Francisco Communitywide Greenhouse Gas Inventory, Schools, San Francisco Flood Health Vulnerability, SFEC 3.216(d) Gifts of Travel Filings, Statement of Economic Interests (SEI) (Form 700) - Filing Officers and Department Heads, Street Intersections Served by the SFMTA School Crossing Guard Program"
eviction,"
      4 Results
      filtered by  ",4,"Eviction Notices, Requests for Information Regarding Protected Status Related to Owner Move-In Evictions, Buyout agreements, Petitions to the Rent Board"
parking%20meter,"
      5 Results
      filtered by  ",5,"Parking meters, Metered motorcycle spaces, Meter Rate Schedules, Meter Operating Schedules, Blue Zone (Accessible) Parking"
salary,"
      13 Results
      filtered by  ",13,"Salary Ranges by Job Classification, Employee Compensation, Lobbyist Activity - Activity Expenses, Full Time Employees By Job Classification, Spending And Revenue, Job Titles by Classification, Vendor Payments (Purchase Order Summary), Budget, Budget - FTE, Spending - FTE"
evictions,"
      4 Results
      filtered by  ",4,"Eviction Notices, Requests for Information Regarding Protected Status Related to Owner Move-In Evictions, Buyout agreements, Petitions to the Rent Board"
topography,"
      0 Results
      filtered by  ",0,
property,"
      8 Results
      filtered by  ",8,"Historic Secured Property Tax Rolls, Form 700 Schedule A2, Recreation & Park Department Park Info Dataset, Fire Incidents, Existing Commercial Buildings Energy Performance Ordinance Report, Assets Maintained by the Recreation and Parks Department, Eviction Notices, Form 700 Schedule B"
san%20francisco,"
      196 Results
      filtered by  ",196,"Film Locations in San Francisco, Registered Business Locations - San Francisco, Case Data from San Francisco 311 (SF311), Current San Francisco Advisories, San Francisco Development Pipeline 2012 Quarter 1, San Francisco Department of Public Health Flu Shot Locations 2013, San Francisco Development Pipeline 2016 Quarter 1, San Francisco Flood Health Vulnerability, San Francisco Development Pipeline 2014 Quarter 4, San Francisco Development Pipeline 2015 Quarter 2"
shoreline,"
      0 Results
      filtered by  ",0,
address,"
      56 Results
      filtered by  ",56,"Addresses - Enterprise Addressing System, Addresses with Units - Enterprise Addressing System (EAS), Updated Treasure Island Addresses and Building Numbers, SFPD Incidents - from 1 January 2003, Case Data from San Francisco 311 (SF311), Mobile Food Facility Permit, Eviction Notices, Off-Street parking lots and parking garages, Fire Department Calls for Service, Fire Incidents"
gis,"
      5 Results
      filtered by  ",5,"List of Streets and Intersections, Street Names, Stormwater inlets, drains and catch basins, San Francisco Flood Health Vulnerability, Parking Spaces at Off-street Parking Facilities"
business%20license,"
      2 Results
      filtered by  ",2,"Schools, Permit Consultant Registration and Quarterly Disclosure Reports"
zip%20code,"
      21 Results
      filtered by  ",21,"Supervisor District to ZIP Code Crosswalk, Registered Business Locations - San Francisco, Campaign Finance - San Francisco Campaign Committees and Other Campaign Filers, Campaign Finance - FPPC Form 460 - Schedule A - Monetary Contributions, Campaign Finance - FPPC Form 497 - Late Contribution Report - Late Contributions Made, Energy Benchmarking, San Francisco Municipal Buildings, Campaign Finance - FPPC Form 460 - Schedule E - Payments Made, Campaign Finance - FPPC Form 460 - Schedule G - Payments Made by an Agent or Independent Contractor, Campaign Finance - FPPC Form 460 - Schedule F - Accrued Expenses (Unpaid Bills), Campaign Finance - FPPC Form 460 - Schedule D - Summary of Expenditures Supporting/Opposing Other Candidates, Measures and Committees"
building%20footprint,"
      1 Result
      filtered by  ",1,Schools
assessor,"
      2 Results
      filtered by  ",2,"Historic Secured Property Tax Rolls, Existing SF Commercial Wireless Facilities - April 2015"
inventory,"
      12 Results
      filtered by  ",12,"Dataset Inventory, Inventory of citywide enterprise systems of record, Department Open Data Inventory and Plan Status, 2013 Housing Inventory, 2012 Housing Inventory, 2011 Housing Inventory, San Francisco Municipal Greenhouse Gas Inventory, San Francisco Communitywide Greenhouse Gas Inventory, 2014 Housing Inventory, Aircraft Parking Location Inventory at SFO"
transportation,"
      47 Results
      filtered by  ",47,"Parking meters, Off-Street parking lots and parking garages, Meter Rate Schedules, Bicycle Parking (Public), Stop Signs, San Francisco Communitywide Greenhouse Gas Inventory, Aircraft Parking Activity Records at SFO, Aircraft Noise Complaint Data, Purchasing Commodity Data, SFO Passenger Services"
health,"
      10 Results
      filtered by  ",10,"Health Care Facilities, San Francisco Flood Health Vulnerability, San Francisco Department of Public Health Flu Shot Locations 2013, Call Center Metrics for the Health Service System, Schools, Food Inspections - LIVES Standard, Community Resiliency Indicator System, City and County of San Francisco - LIVES standard feed info, HSA 90 day emergency shelter waitlist, Employee Compensation"
noise,"
      4 Results
      filtered by  ",4,"Aircraft Noise Complaint Data, Noise Exceedance Rating, Late Night Preferential Runway Use, Nighttime Power Runups"
pedestrian,"
      2 Results
      filtered by  ",2,"Estimated Yearly Pedestrian Volume at Intersections, Traffic Signals"
open%20space,"
      7 Results
      filtered by  ",7,"Spending And Revenue, Vendor Payments (Purchase Order Summary), Budget, Spending - FTE, Vendor Payments (Vouchers), Parking Spaces at Off-street Parking Facilities, Parklet Permits"
contour,"
      0 Results
      filtered by  ",0,
permit,"
      41 Results
      filtered by  ",41,"Mobile Food Facility Permit, Permit Types, Building Permits, Street-Use Permits, Fire Permits, Mobile Food Schedule, Parklet Permits, Boiler Permits, Plumbing Permits, Electrical Permits"
road,"
      0 Results
      filtered by  ",0,
graffiti,"
      3 Results
      filtered by  ",3,"DPW Street & Sidewalk Evaluation Results, 7-1-2013 to Present, FY07-11 Street Evaluation Results, Graffiti - 30 Days"
street%20sweeping,"
      2 Results
      filtered by  ",2,"DPW Street & Sidewalk Evaluation Results, 7-1-2013 to Present, FY07-11 Street Evaluation Results"
inclusionary,"
      2 Results
      filtered by  ",2,"Residential Projects With Inclusionary Requirements, Regression data for Inclusionary Housing Simulation Model"
businesses,"
      18 Results
      filtered by  ",18,"Registered Business Locations - San Francisco, Form 700 Schedule D, Airport (SFO) Contract Opportunities, Form 700 Schedule A1, Form 700 Schedule A2, Off-Street parking lots and parking garages, Form 700 Schedule C, Expenditure Lobbyists Registration and Monthly Disclosure Reports, Campaign Finance - SFEC 1.126 Notification of Contract Approval Filings, Parking Spaces at Off-street Parking Facilities"
contours,"
      0 Results
      filtered by  ",0,
boundary,"
      24 Results
      filtered by  ",24,"SFPD Incidents - from 1 January 2003, Street Names, Supervisor District to ZIP Code Crosswalk, Registered Business Locations - San Francisco, census_tracts_odata2, Street Segment and Intersection (CNN) Change Log, Requests for Information Regarding Protected Status Related to Owner Move-In Evictions, List of Streets and Intersections, City College of San Francisco Facilities, Buyout agreements"
district,"
      61 Results
      filtered by  ",61,"Supervisor District to ZIP Code Crosswalk, San Francisco Development Pipeline 2016 Quarter 1, San Francisco Development Pipeline 2015 Quarter 4, San Francisco City Survey Data 1996-2015, Campaign Finance - Summary of Third Party Expenditures Regarding San Francisco Candidates - November 3, 2015, Campaign Finance - Summary of Third Party Disclosure Forms Regarding San Francisco Candidates - November 6, 2012, San Francisco Development Pipeline 2015 Quarter 1, FY07-11 Street Evaluation Results, Campaign Finance - Public Funds Disbursed - November 6, 2012 Election, Campaign Finance - Individual Expenditure Ceilings (IECs) - November 6, 2012 Election"
food%20truck,"
      3 Results
      filtered by  ",3,"Mobile Food Schedule, Mobile Food Facility Permit, Street-Use Permits"
operate%20business,"
      0 Results
      filtered by  ",0,
sfpd,"
      2 Results
      filtered by  ",2,"SFPD Incidents - from 1 January 2003, Police Calls for Service"
sfmta,"
      13 Results
      filtered by  ",13,"SFMTA-Enforced Temporary Tow Zones, Off-Street parking lots and parking garages, Metered motorcycle spaces, Bicycle Parking (Public), Bike Share Stations, Street Intersections Served by the SFMTA School Crossing Guard Program, Right of Way Exception Data, Meter Operating Schedules, San Francisco Municipal Greenhouse Gas Inventory, Meter Rate Schedules"
sewer,"
      1 Result
      filtered by  ",1,"Stormwater inlets, drains and catch basins"
building%20permits,"
      25 Results
      filtered by  ",25,"Building Permits, San Francisco Development Pipeline 2016 Quarter 2, Permit Consultant Registration and Quarterly Disclosure Reports, Boiler Permits, Plumbing Permits, Electrical Permits, Street Space Permits aka: DPT Tow Verification List, San Francisco Development Pipeline 2016 Quarter 1, San Francisco Development Pipeline 2015 Quarter 3, San Francisco Development Pipeline 2015 Quarter 4"
permits,"
      41 Results
      filtered by  ",41,"Mobile Food Facility Permit, Street-Use Permits, Fire Permits, Permit Types, Utility Excavation Permits, Surface Mounted Facility Permits, Large Utility Excavation Permits, Wireless Service Facility Permits, Building Permits, Boiler Permits"
total%20housing%20units,"
      14 Results
      filtered by  ",14,"Mayor’s Office of Housing and Community Development Affordable Rental Portfolio, Residential Projects With Inclusionary Requirements, San Francisco Development Pipeline 2013 Quarter 1, San Francisco Development Pipeline 2014 Quarter 3, San Francisco Development Pipeline 2013 Quarter 4, San Francisco Development Pipeline 2012 Quarter 1, San Francisco Development Pipeline 2012 Quarter 2, San Francisco Development Pipeline 2014 Quarter 2, San Francisco Development Pipeline 2012 Quarter 4, San Francisco Development Pipeline 2013 Quarter 3"
460,"
      13 Results
      filtered by  ",13,"Campaign Finance - FPPC Form 460 - Summary Totals, Campaign Finance - FPPC Form 460 - Schedule A - Monetary Contributions, Campaign Finance - FPPC Form 460 - Schedule E - Payments Made, Campaign Finance - FPPC Form 460 - Schedule C - Non-Monetary Contributions, Campaign Finance - FPPC Form 460 - Schedule B1 - Loans Received, Campaign Finance - FPPC Form 460 - Schedule I - Miscellaneous Increases to Cash, Campaign Finance - FPPC Form 460 - Schedule G - Payments Made by an Agent or Independent Contractor, Campaign Finance - FPPC Form 460 - Schedule F - Accrued Expenses (Unpaid Bills), Campaign Finance - FPPC Form 460 - Schedule D - Summary of Expenditures Supporting/Opposing Other Candidates, Measures and Committees, Campaign Finance - FPPC Form 460 - Schedule H - Loans Made to Others"
map,"
      19 Results
      filtered by  ",19,"Street Names, Street Segment and Intersection (CNN) Change Log, Miles Of Streets, SFO Passenger Services, SFO Things To Do, Lobbyist Data Name Mapping, Campaign Finance - Committee Name to Measure or Candidate Mapping for June 7, 2016 and November 8, 2016 Elections, Campaign Finance - Ballot Measure Committee Name Mapping - November 4 2014 Election, Campaign Finance - Committee Name to Measure or Candidate Mapping for November 3, 2015 Election, Registered Business Locations - San Francisco"
demographics,"
      9 Results
      filtered by  ",9,"Community Resiliency Indicator System, Building Permits, San Francisco Development Pipeline 2015 Quarter 1, Boiler Permits, Plumbing Permits, Electrical Permits, Call Center Metrics for the Health Service System, San Francisco Flood Health Vulnerability, San Francisco City Survey Data 1996-2015"
bay%20area,"
      1 Result
      filtered by  ",1,Bike Share Stations
blocks,"
      39 Results
      filtered by  ",39,"List of Blocks Where DPW Has a Tree Maintenance Agreement, Boiler Permits, 2011 Housing Inventory, Mobile Food Schedule, Mobile Food Facility Permit, 2012 Housing Inventory, Right of Way Exception Data, Meter Operating Schedules, Plumbing Permits, Electrical Permits"
food%20trucks,"
      3 Results
      filtered by  ",3,"Mobile Food Schedule, Mobile Food Facility Permit, Street-Use Permits"
addresses,"
      56 Results
      filtered by  ",56,"Addresses - Enterprise Addressing System, Addresses with Units - Enterprise Addressing System (EAS), Updated Treasure Island Addresses and Building Numbers, Case Data from San Francisco 311 (SF311), Graffiti - 30 Days, Registered Business Locations - San Francisco, Mobile Food Facility Permit, NOI - Notice of Intent, Police Calls for Service, Fire Department Calls for Service"
districts,"
      61 Results
      filtered by  ",61,"Supervisor District to ZIP Code Crosswalk, SFPD Incidents - from 1 January 2003, Fire Safety Complaints, Fire Violations, Campaign Finance - Public Funds Disbursed - November 6, 2012 Election, San Francisco Development Pipeline 2015 Quarter 4, Campaign Finance - Individual Expenditure Ceilings (IECs) - November 6, 2012 Election, Graffiti - 30 Days, Fire Department Calls for Service, Fire Inspections"
library,"
      0 Results
      filtered by  ",0,
curb,"
      2 Results
      filtered by  ",2,"Curb Ramps, Blue Zone (Accessible) Parking"
footprint,"
      1 Result
      filtered by  ",1,Schools
tax,"
      7 Results
      filtered by  ",7,"Historic Secured Property Tax Rolls, Registered Business Locations - San Francisco, List of Historical Ballot Measures, Fire Permits, Addresses with Units - Enterprise Addressing System (EAS), Campaign Finance / Lobbyist - Filers With Unpaid Late Filing Fees, Permit Consultant Registration and Quarterly Disclosure Reports"
zip%20codes,"
      21 Results
      filtered by  ",21,"Supervisor District to ZIP Code Crosswalk, Registered Business Locations - San Francisco, Campaign Finance - San Francisco Campaign Committees and Other Campaign Filers, Campaign Finance - FPPC Form 460 - Schedule A - Monetary Contributions, Campaign Finance - FPPC Form 497 - Late Contribution Report - Late Contributions Made, Energy Benchmarking, San Francisco Municipal Buildings, Campaign Finance - FPPC Form 460 - Schedule E - Payments Made, Campaign Finance - FPPC Form 460 - Schedule G - Payments Made by an Agent or Independent Contractor, Campaign Finance - FPPC Form 460 - Schedule F - Accrued Expenses (Unpaid Bills), Campaign Finance - FPPC Form 460 - Schedule D - Summary of Expenditures Supporting/Opposing Other Candidates, Measures and Committees"
zoning%20districts,"
      8 Results
      filtered by  ",8,"San Francisco Development Pipeline 2015 Quarter 4, Existing SF Commercial Wireless Facilities - April 2015, San Francisco Development Pipeline 2016 Quarter 1, SF Development Pipeline 2016 Q3, Carshare Onstreet, San Francisco Development Pipeline 2015 Quarter 1, 2014 Housing Inventory, Historic Secured Property Tax Rolls"
911,"
      2 Results
      filtered by  ",2,"Fire Department Calls for Service, Police Calls for Service"
block,"
      39 Results
      filtered by  ",39,"Mobile Food Facility Permit, List of Blocks Where DPW Has a Tree Maintenance Agreement, Mobile Food Schedule, Right of Way Exception Data, San Francisco Development Pipeline 2012 Quarter 1, 2013 Housing Inventory, Building Permits, San Francisco Development Pipeline 2013 Quarter 4, San Francisco Development Pipeline 2012 Quarter 2, Boiler Permits"
census%20tract,"
      1 Result
      filtered by  ",1,census_tracts_odata2
hospital,"
      1 Result
      filtered by  ",1,Fire Department Calls for Service
human%20waste,"
      0 Results
      filtered by  ",0,
Parking,"
      32 Results
      filtered by  ",32,"Parking meters, Off-Street parking lots and parking garages, Recreation & Park Department Park Info Dataset, Park Scores 2005-2014, Bicycle Parking (Public), Blue Zone (Accessible) Parking, Parking Spaces at Off-street Parking Facilities, Aircraft Parking Activity Records at SFO, Assets Maintained by the Recreation and Parks Department, Donations to Recreation and Parks Department"
city%20lots,"
      6 Results
      filtered by  ",6,"Historic Secured Property Tax Rolls, Right of Way Exception Data, Envista Projects for Utility Excavation and Paving, Building Complaints, Addresses with Units - Enterprise Addressing System (EAS), Existing SF Commercial Wireless Facilities - April 2015"
crimes,"
      2 Results
      filtered by  ",2,"Police Calls for Service, SFPD Incidents - from 1 January 2003"
fire%20incidents,"
      2 Results
      filtered by  ",2,"Fire Incidents, Fire Department Calls for Service"
hotel,"
      2 Results
      filtered by  ",2,"Petitions to the Rent Board, 2014 Housing Inventory"
lobbyist,"
      10 Results
      filtered by  ",10,"Lobbyist Activity - Contacts of Public Officials, Lobbyist Directory, Lobbyist Activity - Political Contributions, Lobbyist Activity - Payments Promised By Clients, Lobbyist Client Directory, Lobbyist Activity - Activity Expenses, Lobbyist Data Name Mapping, Campaign Finance / Lobbyist - Filers With Unpaid Late Filing Fees, Lobbyists on Behalf of the City Disclosure Reports, Expenditure Lobbyists Registration and Monthly Disclosure Reports"
employment,"
      7 Results
      filtered by  ",7,"Campaign Consultants - Employment of Local Officeholders and City Employees, Post- Employment Restriction Waivers, Lobbyist Activity - Payments Promised By Clients, Lobbyist Activity - Political Contributions, Permit Consultant Registration and Quarterly Disclosure Reports, Expenditure Lobbyists Registration and Monthly Disclosure Reports, Form 700 Schedule E"
film,"
      1 Result
      filtered by  ",1,Film Locations in San Francisco
poop,"
      0 Results
      filtered by  ",0,
topo,"
      0 Results
      filtered by  ",0,
construction,"
      31 Results
      filtered by  ",31,"Envista Projects for Utility Excavation and Paving, Envista Projects for Paving, San Francisco Development Pipeline 2014 Quarter 3, San Francisco Development Pipeline 2013 Quarter 4, Street Space Permits aka: DPT Tow Verification List, San Francisco Development Pipeline 2015 Quarter 1, San Francisco Development Pipeline 2014 Quarter 2, San Francisco Development Pipeline 2012 Quarter 4, San Francisco Development Pipeline 2014 Quarter 1, Airport (SFO) Contract Opportunities"
earthquake,"
      0 Results
      filtered by  ",0,
GIS,"
      5 Results
      filtered by  ",5,"Street Names, List of Streets and Intersections, Stormwater inlets, drains and catch basins, San Francisco Flood Health Vulnerability, Parking Spaces at Off-street Parking Facilities"
alcohol,"
      0 Results
      filtered by  ",0,
demographic,"
      9 Results
      filtered by  ",9,"Boiler Permits, Plumbing Permits, Electrical Permits, Community Resiliency Indicator System, Call Center Metrics for the Health Service System, Building Permits, San Francisco Development Pipeline 2015 Quarter 1, San Francisco Flood Health Vulnerability, San Francisco City Survey Data 1996-2015"
json,"
      0 Results
      filtered by  ",0,
flood,"
      1 Result
      filtered by  ",1,San Francisco Flood Health Vulnerability
sidewalk,"
      6 Results
      filtered by  ",6,"DPW Street & Sidewalk Evaluation Results, 7-1-2013 to Present, Street Space Permits aka: DPT Tow Verification List, FY07-11 Street Evaluation Results, Parklet Permits, Park Scores 2005-2014, Street Intersections Served by the SFMTA School Crossing Guard Program"
art,"
      3 Results
      filtered by  ",3,"SF Civic Art Collection, San Francisco Arts Commission Grants FY2004-2014, SFO Museum Exhibitions"
poverty,"
      1 Result
      filtered by  ",1,San Francisco Flood Health Vulnerability
wind,"
      0 Results
      filtered by  ",0,
waste,"
      1 Result
      filtered by  ",1,San Francisco Communitywide Greenhouse Gas Inventory
aerial,"
      0 Results
      filtered by  ",0,
city%20boundary,"
      14 Results
      filtered by  ",14,"San Francisco Communitywide Greenhouse Gas Inventory, Supervisor District to ZIP Code Crosswalk, Registered Business Locations - San Francisco, Street Names, SFPD Incidents - from 1 January 2003, City College of San Francisco Facilities, List of Streets and Intersections, Requests for Information Regarding Protected Status Related to Owner Move-In Evictions, Eviction Notices, Addresses with Units - Enterprise Addressing System (EAS)"
business%20registration,"
      3 Results
      filtered by  ",3,"Registered Business Locations - San Francisco, Expenditure Lobbyists Registration and Monthly Disclosure Reports, Permit Consultant Registration and Quarterly Disclosure Reports"
open%20spaces,"
      7 Results
      filtered by  ",7,"Spending And Revenue, Vendor Payments (Purchase Order Summary), Budget, Spending - FTE, Vendor Payments (Vouchers), Parking Spaces at Off-street Parking Facilities, Parklet Permits"
landuse,"
      16 Results
      filtered by  ",16,"San Francisco Development Pipeline 2012 Quarter 1, San Francisco Development Pipeline 2016 Quarter 1, San Francisco Development Pipeline 2014 Quarter 4, San Francisco Development Pipeline 2015 Quarter 3, San Francisco Development Pipeline 2015 Quarter 2, San Francisco Development Pipeline 2015 Quarter 4, San Francisco Development Pipeline 2013 Quarter 1, San Francisco Development Pipeline 2014 Quarter 3, San Francisco Development Pipeline 2013 Quarter 4, San Francisco Development Pipeline 2012 Quarter 2"
planning,"
      44 Results
      filtered by  ",44,"Residential Projects With Inclusionary Requirements, San Francisco Development Pipeline 2012 Quarter 4, Department Open Data Inventory and Plan Status, San Francisco Development Pipeline 2012 Quarter 1, San Francisco Development Pipeline 2013 Quarter 1, San Francisco Development Pipeline 2014 Quarter 3, San Francisco Development Pipeline 2013 Quarter 4, San Francisco Development Pipeline 2012 Quarter 2, San Francisco Development Pipeline 2015 Quarter 4, San Francisco Development Pipeline 2014 Quarter 2"
census%20shapefile,"
      0 Results
      filtered by  ",0,
density,"
      0 Results
      filtered by  ",0,
real%20estate,"
      4 Results
      filtered by  ",4,"San Francisco Development Pipeline 2013 Quarter 1, San Francisco Development Pipeline 2013 Quarter 2, Permit Consultant Registration and Quarterly Disclosure Reports, Disclosure Report Developers of Major City Projects Filings"
curbs,"
      2 Results
      filtered by  ",2,"Curb Ramps, Blue Zone (Accessible) Parking"
facilities,"
      19 Results
      filtered by  ",19,"Mobile Food Facility Permit, Surface Mounted Facility Permits, City College of San Francisco Facilities, Health Care Facilities, Wireless Service Facility Permits, Recreation and Park Department's Facility Conditions Assessment, Existing SF Commercial Wireless Facilities - April 2015, Parking Spaces at Off-street Parking Facilities, Mobile Food Schedule, Energy Benchmarking, San Francisco Municipal Buildings"
population%20density,"
      0 Results
      filtered by  ",0,
basemap,"
      4 Results
      filtered by  ",4,"Street Names, List of Streets and Intersections, Street Segment and Intersection (CNN) Change Log, Miles Of Streets"
business%20licenses,"
      2 Results
      filtered by  ",2,"Schools, Permit Consultant Registration and Quarterly Disclosure Reports"
footprints,"
      1 Result
      filtered by  ",1,Schools
mobile%20food,"
      3 Results
      filtered by  ",3,"Mobile Food Facility Permit, Mobile Food Schedule, Street-Use Permits"
streets%20of%20san%20francisco,"
      45 Results
      filtered by  ",45,"Street Names, Street Segment and Intersection (CNN) Change Log, Street-Use Permits, Streets Data - Pavement Condition Index (PCI) Scores, Market Street Hub, Registered Business Locations - San Francisco, List of Streets and Intersections, Utility Excavation Permits, Street Tree List, Street Acceptance Data"
airport,"
      19 Results
      filtered by  ",19,"2011 SFO Customer Survey Data Set + Dictionary, Airport (SFO) Contract Opportunities, 2013 SFO Customer Survey Data Set + Dictionary, Air Traffic Passenger Statistics, 2012 SFO Customer Survey Data Set + Dictionary, SFO Gate and Stand Assignment Information, Air Traffic Landings Statistics, Noise Exceedance Rating, SFO Passenger Services, SFO Things To Do"
public%20schools,"
      2 Results
      filtered by  ",2,"Schools, Requests for Information Regarding Protected Status Related to Owner Move-In Evictions"
tickets,"
      2 Results
      filtered by  ",2,"Muni Driver Reported Transit Only Lane Violations, Form 700 Schedule D"
accident,"
      0 Results
      filtered by  ",0,
bike%20parking,"
      1 Result
      filtered by  ",1,Bicycle Parking (Public)
housing%20inventory,"
      4 Results
      filtered by  ",4,"2013 Housing Inventory, 2012 Housing Inventory, 2014 Housing Inventory, 2011 Housing Inventory"
race,"
      5 Results
      filtered by  ",5,"Campaign Finance - Status of Voluntary Expenditure Ceiling VECs in November 3, 2015 Election, Campaign Finance - Status Of Voluntary Expenditure Ceiling VECs in November 8, 2016 Election, Campaign Finance - Status of Voluntary Expenditure Ceiling (VECs) in November 6, 2012 Election, Campaign Finance - Status Of Voluntary Expenditure Ceiling VECs In November 4, 2014 Election, Campaign Finance - Status of Voluntary Expenditure Ceiling (VECs) in November 5, 2013 Election"
sfo,"
      19 Results
      filtered by  ",19,"2011 SFO Customer Survey Data Set + Dictionary, SFO Gate and Stand Assignment Information, 2013 SFO Customer Survey Data Set + Dictionary, 2012 SFO Customer Survey Data Set + Dictionary, SFO Passenger Services, SFO Things To Do, SFO Museum Exhibitions, Aircraft Parking Activity Records at SFO, Air Traffic Landings Statistics, Airport (SFO) Contract Opportunities"
Tree,"
      4 Results
      filtered by  ",4,"Street Tree List, List of Blocks Where DPW Has a Tree Maintenance Agreement, DPW Street & Sidewalk Evaluation Results, 7-1-2013 to Present, FY07-11 Street Evaluation Results"
wind%20monitoring,"
      0 Results
      filtered by  ",0,
zip,"
      26 Results
      filtered by  ",26,"Supervisor District to ZIP Code Crosswalk, Eviction Notices, Requests for Information Regarding Protected Status Related to Owner Move-In Evictions, City College of San Francisco Facilities, Form 700 Schedule D, Form 700 Schedule A2, Form 700 Schedule E, Campaign Finance - San Francisco Campaign Committees and Other Campaign Filers, Campaign Finance - FPPC Form 460 - Schedule A - Monetary Contributions, Campaign Finance - FPPC Form 497 - Late Contribution Report - Late Contributions Made"
bus%20stops,"
      0 Results
      filtered by  ",0,
dataset%20inventory,"
      5 Results
      filtered by  ",5,"Dataset Inventory, Department Open Data Inventory and Plan Status, Field Dictionary for Open Data Portal Datasets, San Francisco Municipal Greenhouse Gas Inventory, Traffic Signals"
hospitals,"
      1 Result
      filtered by  ",1,Fire Department Calls for Service
imagery,"
      0 Results
      filtered by  ",0,
parking%20tickets,"
      0 Results
      filtered by  ",0,
height,"
      8 Results
      filtered by  ",8,"San Francisco Development Pipeline 2015 Quarter 4, San Francisco Development Pipeline 2015 Quarter 3, San Francisco Development Pipeline 2016 Quarter 2, San Francisco Development Pipeline 2015 Quarter 1, Housing Balance March 2016, Clearance Heights for Large Vehicle Circulation, SF Development Pipeline 2016 Q3, Existing SF Commercial Wireless Facilities - April 2015"
lots,"
      30 Results
      filtered by  ",30,"Off-Street parking lots and parking garages, Boiler Permits, 2011 Housing Inventory, Historic Secured Property Tax Rolls, Mobile Food Schedule, Mobile Food Facility Permit, 2012 Housing Inventory, Right of Way Exception Data, Plumbing Permits, Electrical Permits"
movie,"
      1 Result
      filtered by  ",1,Film Locations in San Francisco
